Dimension, Obstacles, Seed, Algorithm, Time, Nodes Expanded, Plan Length, Error, Plan, Env
4x4, 0, 3735929054, bfs, 0.23, 88, 7, None, MoveF_MoveF_MoveF_MoveF_MoveF_MoveF_MoveF, canWorld
4x4, 0, 3735929054, ucs, 0.11, 51, 7, None, MoveF_MoveF_MoveF_MoveF_MoveF_MoveF_MoveF, canWorld
4x4, 0, 3735929054, gbfs, 0.02, 7, 7, None, MoveF_MoveF_MoveF_MoveF_MoveF_MoveF_MoveF, canWorld
4x4, 0, 3735929054, astar, 0.04, 16, 7, None, MoveF_MoveF_MoveF_MoveF_MoveF_MoveF_MoveF, canWorld
4x4, 0, 3735929054, custom-astar, 0.02, 7, 7, None, MoveF_MoveF_MoveF_MoveF_MoveF_MoveF_MoveF, canWorld
4x4, 0, 195936467, bfs, 0.20, 77, 7, None, MoveF_TurnCCW_MoveF_MoveF_MoveF_MoveF_MoveF, canWorld
4x4, 0, 195936467, ucs, 0.15, 69, 7, None, MoveF_TurnCCW_MoveF_MoveF_MoveF_MoveF_MoveF, canWorld
4x4, 0, 195936467, gbfs, 0.02, 8, 7, None, MoveF_TurnCCW_MoveF_MoveF_MoveF_MoveF_MoveF, canWorld
4x4, 0, 195936467, astar, 0.07, 30, 7, None, MoveF_TurnCCW_MoveF_MoveF_MoveF_MoveF_MoveF, canWorld
4x4, 0, 195936467, custom-astar, 0.04, 16, 7, None, MoveF_TurnCCW_MoveF_MoveF_MoveF_MoveF_MoveF, canWorld
4x4, 0, 20493, bfs, 0.47, 209, 11, None, MoveF_MoveF_MoveF_TurnCCW_MoveF_MoveF_MoveF_MoveF_MoveF_MoveF_MoveF, canWorld
4x4, 0, 20493, ucs, 0.39, 187, 11, None, MoveF_MoveF_MoveF_TurnCCW_MoveF_MoveF_MoveF_MoveF_MoveF_MoveF_MoveF, canWorld
4x4, 0, 20493, gbfs, 0.03, 12, 11, None, MoveF_MoveF_MoveF_TurnCCW_MoveF_MoveF_MoveF_MoveF_MoveF_MoveF_MoveF, canWorld
4x4, 0, 20493, astar, 0.20, 96, 11, None, MoveF_MoveF_MoveF_TurnCCW_MoveF_MoveF_MoveF_MoveF_MoveF_MoveF_MoveF, canWorld
4x4, 0, 20493, custom-astar, 0.10, 47, 11, None, MoveF_MoveF_MoveF_TurnCCW_MoveF_MoveF_MoveF_MoveF_MoveF_MoveF_MoveF, canWorld
4x4, 4, 3735929054, bfs, 0.39, 171, 10, None, MoveF_MoveF_MoveF_MoveF_MoveF_MoveF_MoveF_TurnCCW_MoveF_MoveF, canWorld
4x4, 4, 3735929054, ucs, 0.30, 143, 10, None, MoveF_MoveF_MoveF_MoveF_MoveF_MoveF_MoveF_TurnCCW_MoveF_MoveF, canWorld
4x4, 4, 3735929054, gbfs, 0.03, 11, 10, None, MoveF_MoveF_MoveF_MoveF_MoveF_MoveF_MoveF_TurnCCW_MoveF_MoveF, canWorld
4x4, 4, 3735929054, astar, 0.16, 75, 10, None, MoveF_MoveF_MoveF_MoveF_MoveF_MoveF_MoveF_TurnCCW_MoveF_MoveF, canWorld
4x4, 4, 3735929054, custom-astar, 0.09, 40, 10, None, MoveF_MoveF_MoveF_MoveF_MoveF_MoveF_MoveF_TurnCCW_MoveF_MoveF, canWorld
4x4, 4, 195936467, bfs, 0.33, 138, 10, None, MoveF_TurnCCW_MoveF_MoveF_MoveF_MoveF_MoveF_MoveF_MoveF_MoveF, canWorld
4x4, 4, 195936467, ucs, 0.21, 98, 10, None, MoveF_TurnCCW_MoveF_MoveF_MoveF_MoveF_MoveF_MoveF_MoveF_MoveF, canWorld
4x4, 4, 195936467, gbfs, 0.03, 11, 10, None, MoveF_TurnCCW_MoveF_MoveF_MoveF_MoveF_MoveF_MoveF_MoveF_MoveF, canWorld
4x4, 4, 195936467, astar, 0.11, 53, 10, None, MoveF_TurnCCW_MoveF_MoveF_MoveF_MoveF_MoveF_MoveF_MoveF_MoveF, canWorld
4x4, 4, 195936467, custom-astar, 0.05, 22, 10, None, MoveF_TurnCCW_MoveF_MoveF_MoveF_MoveF_MoveF_MoveF_MoveF_MoveF, canWorld
4x4, 4, 20493, bfs, 1.12, 527, 17, None, MoveF_MoveF_MoveF_MoveF_MoveF_MoveF_MoveF_MoveF_TurnCCW_MoveF_MoveF_MoveF_MoveF_MoveF_MoveF_MoveF_MoveF, canWorld
4x4, 4, 20493, ucs, 0.98, 476, 17, None, MoveF_MoveF_MoveF_MoveF_MoveF_MoveF_MoveF_MoveF_TurnCCW_MoveF_MoveF_MoveF_MoveF_MoveF_MoveF_MoveF_MoveF, canWorld
4x4, 4, 20493, gbfs, 0.04, 18, 17, None, MoveF_MoveF_MoveF_MoveF_MoveF_MoveF_MoveF_MoveF_TurnCCW_MoveF_MoveF_MoveF_MoveF_MoveF_MoveF_MoveF_MoveF, canWorld
4x4, 4, 20493, astar, 0.59, 287, 17, None, MoveF_MoveF_MoveF_MoveF_MoveF_MoveF_MoveF_MoveF_TurnCCW_MoveF_MoveF_MoveF_MoveF_MoveF_MoveF_MoveF_MoveF, canWorld
4x4, 4, 20493, custom-astar, 0.33, 158, 17, None, MoveF_MoveF_MoveF_MoveF_MoveF_MoveF_MoveF_MoveF_TurnCCW_MoveF_MoveF_MoveF_MoveF_MoveF_MoveF_MoveF_MoveF, canWorld
8x8, 0, 3735929054, bfs, 3.56, 1717, 30, None, MoveF_MoveF_MoveF_MoveF_MoveF_MoveF_MoveF_MoveF_MoveF_MoveF_MoveF_MoveF_MoveF_MoveF_MoveF_MoveF_TurnCCW_MoveF_MoveF_MoveF_MoveF_MoveF_MoveF_MoveF_MoveF_MoveF_MoveF_MoveF_MoveF_MoveF, canWorld
8x8, 0, 3735929054, ucs, 3.57, 1618, 30, None, MoveF_MoveF_MoveF_MoveF_MoveF_MoveF_MoveF_MoveF_MoveF_MoveF_MoveF_MoveF_MoveF_MoveF_MoveF_MoveF_TurnCCW_MoveF_MoveF_MoveF_MoveF_MoveF_MoveF_MoveF_MoveF_MoveF_MoveF_MoveF_MoveF_MoveF, canWorld
8x8, 0, 3735929054, gbfs, 0.07, 31, 30, None, MoveF_MoveF_MoveF_MoveF_MoveF_MoveF_MoveF_MoveF_MoveF_MoveF_MoveF_MoveF_MoveF_MoveF_MoveF_MoveF_TurnCCW_MoveF_MoveF_MoveF_MoveF_MoveF_MoveF_MoveF_MoveF_MoveF_MoveF_MoveF_MoveF_MoveF, canWorld
8x8, 0, 3735929054, astar, 2.28, 1046, 30, None, MoveF_MoveF_MoveF_MoveF_MoveF_MoveF_MoveF_MoveF_MoveF_MoveF_MoveF_MoveF_MoveF_MoveF_MoveF_MoveF_TurnCCW_MoveF_MoveF_MoveF_MoveF_MoveF_MoveF_MoveF_MoveF_MoveF_MoveF_MoveF_MoveF_MoveF, canWorld
8x8, 0, 3735929054, custom-astar, 1.33, 644, 30, None, MoveF_MoveF_MoveF_MoveF_MoveF_MoveF_MoveF_MoveF_MoveF_MoveF_MoveF_MoveF_MoveF_MoveF_MoveF_MoveF_TurnCCW_MoveF_MoveF_MoveF_MoveF_MoveF_MoveF_MoveF_MoveF_MoveF_MoveF_MoveF_MoveF_MoveF, canWorld
8x8, 0, 195936467, bfs, 0.20, 77, 7, None, MoveF_TurnCCW_MoveF_MoveF_MoveF_MoveF_MoveF, canWorld
8x8, 0, 195936467, ucs, 0.15, 69, 7, None, MoveF_TurnCCW_MoveF_MoveF_MoveF_MoveF_MoveF, canWorld
8x8, 0, 195936467, gbfs, 0.02, 8, 7, None, MoveF_TurnCCW_MoveF_MoveF_MoveF_MoveF_MoveF, canWorld
8x8, 0, 195936467, astar, 0.07, 30, 7, None, MoveF_TurnCCW_MoveF_MoveF_MoveF_MoveF_MoveF, canWorld
8x8, 0, 195936467, custom-astar, 0.04, 16, 7, None, MoveF_TurnCCW_MoveF_MoveF_MoveF_MoveF_MoveF, canWorld
8x8, 0, 20493, bfs, 0.47, 209, 11, None, MoveF_MoveF_MoveF_TurnCCW_MoveF_MoveF_MoveF_MoveF_MoveF_MoveF_MoveF, canWorld
8x8, 0, 20493, ucs, 0.39, 187, 11, None, MoveF_MoveF_MoveF_TurnCCW_MoveF_MoveF_MoveF_MoveF_MoveF_MoveF_MoveF, canWorld
8x8, 0, 20493, gbfs, 0.03, 12, 11, None, MoveF_MoveF_MoveF_TurnCCW_MoveF_MoveF_MoveF_MoveF_MoveF_MoveF_MoveF, canWorld
8x8, 0, 20493, astar, 0.20, 96, 11, None, MoveF_MoveF_MoveF_TurnCCW_MoveF_MoveF_MoveF_MoveF_MoveF_MoveF_MoveF, canWorld
8x8, 0, 20493, custom-astar, 0.10, 47, 11, None, MoveF_MoveF_MoveF_TurnCCW_MoveF_MoveF_MoveF_MoveF_MoveF_MoveF_MoveF, canWorld
8x8, 14, 3735929054, bfs, 0.53, 237, 12, None, TurnCCW_MoveF_MoveF_MoveF_MoveF_MoveF_MoveF_MoveF_MoveF_MoveF_TurnCW_MoveF, canWorld
8x8, 14, 3735929054, ucs, 0.52, 248, 12, None, TurnCCW_MoveF_MoveF_MoveF_MoveF_MoveF_MoveF_MoveF_MoveF_MoveF_TurnCW_MoveF, canWorld
8x8, 14, 3735929054, gbfs, 0.06, 25, 16, None, MoveF_TurnCCW_MoveF_MoveF_MoveF_MoveF_TurnCW_MoveF_TurnCCW_MoveF_MoveF_MoveF_MoveF_MoveF_TurnCCW_MoveF, canWorld
8x8, 14, 3735929054, astar, 0.24, 115, 12, None, TurnCCW_MoveF_MoveF_MoveF_MoveF_MoveF_MoveF_MoveF_MoveF_MoveF_TurnCW_MoveF, canWorld
8x8, 14, 3735929054, custom-astar, 0.14, 66, 12, None, TurnCCW_MoveF_MoveF_MoveF_MoveF_MoveF_MoveF_MoveF_MoveF_MoveF_TurnCW_MoveF, canWorld
8x8, 14, 195936467, bfs, 3.28, 1575, 29, None, MoveF_MoveF_MoveF_MoveF_MoveF_MoveF_MoveF_MoveF_MoveF_MoveF_MoveF_MoveF_MoveF_TurnCCW_MoveF_MoveF_MoveF_MoveF_MoveF_MoveF_MoveF_MoveF_MoveF_MoveF_MoveF_MoveF_MoveF_MoveF_MoveF, canWorld
8x8, 14, 195936467, ucs, 3.04, 1480, 29, None, MoveF_MoveF_MoveF_MoveF_MoveF_MoveF_MoveF_MoveF_MoveF_MoveF_MoveF_MoveF_MoveF_TurnCCW_MoveF_MoveF_MoveF_MoveF_MoveF_MoveF_MoveF_MoveF_MoveF_MoveF_MoveF_MoveF_MoveF_MoveF_MoveF, canWorld
8x8, 14, 195936467, gbfs, 0.06, 30, 29, None, MoveF_MoveF_MoveF_MoveF_MoveF_MoveF_MoveF_MoveF_MoveF_MoveF_MoveF_MoveF_MoveF_TurnCCW_MoveF_MoveF_MoveF_MoveF_MoveF_MoveF_MoveF_MoveF_MoveF_MoveF_MoveF_MoveF_MoveF_MoveF_MoveF, canWorld
8x8, 14, 195936467, astar, 1.97, 959, 29, None, MoveF_MoveF_MoveF_MoveF_MoveF_MoveF_MoveF_MoveF_MoveF_MoveF_MoveF_MoveF_MoveF_TurnCCW_MoveF_MoveF_MoveF_MoveF_MoveF_MoveF_MoveF_MoveF_MoveF_MoveF_MoveF_MoveF_MoveF_MoveF_MoveF, canWorld
8x8, 14, 195936467, custom-astar, 1.17, 569, 29, None, MoveF_MoveF_MoveF_MoveF_MoveF_MoveF_MoveF_MoveF_MoveF_MoveF_MoveF_MoveF_MoveF_TurnCCW_MoveF_MoveF_MoveF_MoveF_MoveF_MoveF_MoveF_MoveF_MoveF_MoveF_MoveF_MoveF_MoveF_MoveF_MoveF, canWorld
8x8, 14, 20493, bfs, 1.19, 559, 18, None, TurnCCW_MoveF_MoveF_MoveF_MoveF_MoveF_MoveF_MoveF_MoveF_MoveF_MoveF_MoveF_MoveF_MoveF_MoveF_MoveF_TurnCW_MoveF, canWorld
8x8, 14, 20493, ucs, 1.19, 575, 18, None, TurnCCW_MoveF_MoveF_MoveF_MoveF_MoveF_MoveF_MoveF_MoveF_MoveF_MoveF_MoveF_MoveF_MoveF_MoveF_MoveF_TurnCW_MoveF, canWorld
8x8, 14, 20493, gbfs, 0.06, 30, 22, None, MoveF_TurnCCW_MoveF_MoveF_MoveF_MoveF_MoveF_MoveF_MoveF_MoveF_MoveF_MoveF_TurnCW_MoveF_TurnCCW_MoveF_MoveF_MoveF_MoveF_MoveF_TurnCCW_MoveF, canWorld
8x8, 14, 20493, astar, 0.50, 240, 18, None, TurnCCW_MoveF_MoveF_MoveF_MoveF_MoveF_MoveF_MoveF_MoveF_MoveF_MoveF_MoveF_MoveF_MoveF_MoveF_MoveF_TurnCW_MoveF, canWorld
8x8, 14, 20493, custom-astar, 0.20, 93, 18, None, TurnCCW_MoveF_MoveF_MoveF_MoveF_MoveF_MoveF_MoveF_MoveF_MoveF_MoveF_MoveF_MoveF_MoveF_MoveF_MoveF_TurnCW_MoveF, canWorld
12x12, 0, 3735929054, bfs, 6.40, 3091, 40, None, MoveF_MoveF_MoveF_MoveF_MoveF_MoveF_MoveF_MoveF_MoveF_MoveF_MoveF_MoveF_MoveF_MoveF_MoveF_MoveF_MoveF_MoveF_MoveF_MoveF_MoveF_MoveF_MoveF_TurnCCW_MoveF_MoveF_MoveF_MoveF_MoveF_MoveF_MoveF_MoveF_MoveF_MoveF_MoveF_MoveF_MoveF_MoveF_MoveF_MoveF, canWorld
12x12, 0, 3735929054, ucs, 6.07, 2951, 40, None, MoveF_MoveF_MoveF_MoveF_MoveF_MoveF_MoveF_MoveF_MoveF_MoveF_MoveF_MoveF_MoveF_MoveF_MoveF_MoveF_MoveF_MoveF_MoveF_MoveF_MoveF_MoveF_MoveF_TurnCCW_MoveF_MoveF_MoveF_MoveF_MoveF_MoveF_MoveF_MoveF_MoveF_MoveF_MoveF_MoveF_MoveF_MoveF_MoveF_MoveF, canWorld
12x12, 0, 3735929054, gbfs, 0.09, 41, 40, None, MoveF_MoveF_MoveF_MoveF_MoveF_MoveF_MoveF_MoveF_MoveF_MoveF_MoveF_MoveF_MoveF_MoveF_MoveF_MoveF_MoveF_MoveF_MoveF_MoveF_MoveF_MoveF_MoveF_TurnCCW_MoveF_MoveF_MoveF_MoveF_MoveF_MoveF_MoveF_MoveF_MoveF_MoveF_MoveF_MoveF_MoveF_MoveF_MoveF_MoveF, canWorld
12x12, 0, 3735929054, astar, 3.93, 1906, 40, None, MoveF_MoveF_MoveF_MoveF_MoveF_MoveF_MoveF_MoveF_MoveF_MoveF_MoveF_MoveF_MoveF_MoveF_MoveF_MoveF_MoveF_MoveF_MoveF_MoveF_MoveF_MoveF_MoveF_TurnCCW_MoveF_MoveF_MoveF_MoveF_MoveF_MoveF_MoveF_MoveF_MoveF_MoveF_MoveF_MoveF_MoveF_MoveF_MoveF_MoveF, canWorld
12x12, 0, 3735929054, custom-astar, 2.50, 1214, 40, None, MoveF_MoveF_MoveF_MoveF_MoveF_MoveF_MoveF_MoveF_MoveF_MoveF_MoveF_MoveF_MoveF_MoveF_MoveF_MoveF_MoveF_MoveF_MoveF_MoveF_MoveF_MoveF_MoveF_TurnCCW_MoveF_MoveF_MoveF_MoveF_MoveF_MoveF_MoveF_MoveF_MoveF_MoveF_MoveF_MoveF_MoveF_MoveF_MoveF_MoveF, canWorld
12x12, 0, 195936467, bfs, 0.20, 77, 7, None, MoveF_TurnCCW_MoveF_MoveF_MoveF_MoveF_MoveF, canWorld
12x12, 0, 195936467, ucs, 0.14, 69, 7, None, MoveF_TurnCCW_MoveF_MoveF_MoveF_MoveF_MoveF, canWorld
12x12, 0, 195936467, gbfs, 0.02, 8, 7, None, MoveF_TurnCCW_MoveF_MoveF_MoveF_MoveF_MoveF, canWorld
12x12, 0, 195936467, astar, 0.07, 30, 7, None, MoveF_TurnCCW_MoveF_MoveF_MoveF_MoveF_MoveF, canWorld
12x12, 0, 195936467, custom-astar, 0.04, 16, 7, None, MoveF_TurnCCW_MoveF_MoveF_MoveF_MoveF_MoveF, canWorld
12x12, 0, 20493, bfs, 0.47, 209, 11, None, MoveF_MoveF_MoveF_TurnCCW_MoveF_MoveF_MoveF_MoveF_MoveF_MoveF_MoveF, canWorld
12x12, 0, 20493, ucs, 0.39, 187, 11, None, MoveF_MoveF_MoveF_TurnCCW_MoveF_MoveF_MoveF_MoveF_MoveF_MoveF_MoveF, canWorld
12x12, 0, 20493, gbfs, 0.03, 12, 11, None, MoveF_MoveF_MoveF_TurnCCW_MoveF_MoveF_MoveF_MoveF_MoveF_MoveF_MoveF, canWorld
12x12, 0, 20493, astar, 0.20, 96, 11, None, MoveF_MoveF_MoveF_TurnCCW_MoveF_MoveF_MoveF_MoveF_MoveF_MoveF_MoveF, canWorld
12x12, 0, 20493, custom-astar, 0.10, 47, 11, None, MoveF_MoveF_MoveF_TurnCCW_MoveF_MoveF_MoveF_MoveF_MoveF_MoveF_MoveF, canWorld
12x12, 31, 3735929054, bfs, 2.21, 1054, 24, None, MoveF_MoveF_MoveF_MoveF_MoveF_MoveF_TurnCCW_MoveF_MoveF_MoveF_MoveF_MoveF_MoveF_MoveF_MoveF_MoveF_MoveF_MoveF_MoveF_MoveF_MoveF_MoveF_MoveF_MoveF, canWorld
12x12, 31, 3735929054, ucs, 2.04, 987, 24, None, MoveF_MoveF_MoveF_MoveF_MoveF_MoveF_TurnCCW_MoveF_MoveF_MoveF_MoveF_MoveF_MoveF_MoveF_MoveF_MoveF_MoveF_MoveF_MoveF_MoveF_MoveF_MoveF_MoveF_MoveF, canWorld
12x12, 31, 3735929054, gbfs, 0.06, 25, 24, None, MoveF_MoveF_MoveF_MoveF_MoveF_MoveF_TurnCCW_MoveF_MoveF_MoveF_MoveF_MoveF_MoveF_MoveF_MoveF_MoveF_MoveF_MoveF_MoveF_MoveF_MoveF_MoveF_MoveF_MoveF, canWorld
12x12, 31, 3735929054, astar, 1.13, 546, 24, None, MoveF_MoveF_MoveF_MoveF_MoveF_MoveF_TurnCCW_MoveF_MoveF_MoveF_MoveF_MoveF_MoveF_MoveF_MoveF_MoveF_MoveF_MoveF_MoveF_MoveF_MoveF_MoveF_MoveF_MoveF, canWorld
12x12, 31, 3735929054, custom-astar, 0.52, 250, 24, None, MoveF_MoveF_MoveF_MoveF_MoveF_MoveF_TurnCCW_MoveF_MoveF_MoveF_MoveF_MoveF_MoveF_MoveF_MoveF_MoveF_MoveF_MoveF_MoveF_MoveF_MoveF_MoveF_MoveF_MoveF, canWorld
12x12, 31, 195936467, bfs, 3.11, 1489, 28, None, MoveF_MoveF_MoveF_MoveF_MoveF_MoveF_MoveF_MoveF_MoveF_MoveF_MoveF_MoveF_MoveF_MoveF_MoveF_MoveF_MoveF_MoveF_MoveF_MoveF_TurnCCW_MoveF_MoveF_MoveF_MoveF_MoveF_MoveF_MoveF, canWorld
12x12, 31, 195936467, ucs, 2.85, 1379, 28, None, MoveF_MoveF_MoveF_MoveF_MoveF_MoveF_MoveF_MoveF_MoveF_MoveF_MoveF_MoveF_MoveF_MoveF_MoveF_MoveF_MoveF_MoveF_MoveF_MoveF_TurnCCW_MoveF_MoveF_MoveF_MoveF_MoveF_MoveF_MoveF, canWorld
12x12, 31, 195936467, gbfs, 0.06, 29, 28, None, MoveF_MoveF_MoveF_MoveF_MoveF_MoveF_MoveF_MoveF_MoveF_MoveF_MoveF_MoveF_MoveF_MoveF_MoveF_MoveF_MoveF_MoveF_MoveF_MoveF_TurnCCW_MoveF_MoveF_MoveF_MoveF_MoveF_MoveF_MoveF, canWorld
12x12, 31, 195936467, astar, 1.64, 789, 28, None, MoveF_MoveF_MoveF_MoveF_MoveF_MoveF_MoveF_MoveF_MoveF_MoveF_MoveF_MoveF_MoveF_MoveF_MoveF_MoveF_MoveF_MoveF_MoveF_MoveF_TurnCCW_MoveF_MoveF_MoveF_MoveF_MoveF_MoveF_MoveF, canWorld
12x12, 31, 195936467, custom-astar, 0.81, 390, 28, None, MoveF_MoveF_MoveF_MoveF_MoveF_MoveF_MoveF_MoveF_MoveF_MoveF_MoveF_MoveF_MoveF_MoveF_MoveF_MoveF_MoveF_MoveF_MoveF_MoveF_TurnCCW_MoveF_MoveF_MoveF_MoveF_MoveF_MoveF_MoveF, canWorld
12x12, 31, 20493, bfs, 5.63, 2722, 38, None, MoveF_MoveF_MoveF_MoveF_MoveF_MoveF_MoveF_MoveF_MoveF_MoveF_MoveF_MoveF_MoveF_MoveF_MoveF_MoveF_TurnCCW_MoveF_MoveF_MoveF_MoveF_MoveF_MoveF_MoveF_MoveF_MoveF_MoveF_MoveF_MoveF_MoveF_MoveF_MoveF_MoveF_MoveF_MoveF_MoveF_MoveF_MoveF, canWorld
12x12, 31, 20493, ucs, 5.32, 2590, 38, None, MoveF_MoveF_MoveF_MoveF_MoveF_MoveF_MoveF_MoveF_MoveF_MoveF_MoveF_MoveF_MoveF_MoveF_MoveF_MoveF_TurnCCW_MoveF_MoveF_MoveF_MoveF_MoveF_MoveF_MoveF_MoveF_MoveF_MoveF_MoveF_MoveF_MoveF_MoveF_MoveF_MoveF_MoveF_MoveF_MoveF_MoveF_MoveF, canWorld
12x12, 31, 20493, gbfs, 0.08, 39, 38, None, MoveF_MoveF_MoveF_MoveF_MoveF_MoveF_MoveF_MoveF_MoveF_MoveF_MoveF_MoveF_MoveF_MoveF_MoveF_MoveF_TurnCCW_MoveF_MoveF_MoveF_MoveF_MoveF_MoveF_MoveF_MoveF_MoveF_MoveF_MoveF_MoveF_MoveF_MoveF_MoveF_MoveF_MoveF_MoveF_MoveF_MoveF_MoveF, canWorld
12x12, 31, 20493, astar, 3.45, 1680, 38, None, MoveF_MoveF_MoveF_MoveF_MoveF_MoveF_MoveF_MoveF_MoveF_MoveF_MoveF_MoveF_MoveF_MoveF_MoveF_MoveF_TurnCCW_MoveF_MoveF_MoveF_MoveF_MoveF_MoveF_MoveF_MoveF_MoveF_MoveF_MoveF_MoveF_MoveF_MoveF_MoveF_MoveF_MoveF_MoveF_MoveF_MoveF_MoveF, canWorld
12x12, 31, 20493, custom-astar, 2.14, 1039, 38, None, MoveF_MoveF_MoveF_MoveF_MoveF_MoveF_MoveF_MoveF_MoveF_MoveF_MoveF_MoveF_MoveF_MoveF_MoveF_MoveF_TurnCCW_MoveF_MoveF_MoveF_MoveF_MoveF_MoveF_MoveF_MoveF_MoveF_MoveF_MoveF_MoveF_MoveF_MoveF_MoveF_MoveF_MoveF_MoveF_MoveF_MoveF_MoveF, canWorld
16x16, 0, 3735929054, bfs, 6.39, 3091, 40, None, MoveF_MoveF_MoveF_MoveF_MoveF_MoveF_MoveF_MoveF_MoveF_MoveF_MoveF_MoveF_MoveF_MoveF_MoveF_MoveF_MoveF_MoveF_MoveF_MoveF_MoveF_MoveF_MoveF_TurnCCW_MoveF_MoveF_MoveF_MoveF_MoveF_MoveF_MoveF_MoveF_MoveF_MoveF_MoveF_MoveF_MoveF_MoveF_MoveF_MoveF, canWorld
16x16, 0, 3735929054, ucs, 6.07, 2951, 40, None, MoveF_MoveF_MoveF_MoveF_MoveF_MoveF_MoveF_MoveF_MoveF_MoveF_MoveF_MoveF_MoveF_MoveF_MoveF_MoveF_MoveF_MoveF_MoveF_MoveF_MoveF_MoveF_MoveF_TurnCCW_MoveF_MoveF_MoveF_MoveF_MoveF_MoveF_MoveF_MoveF_MoveF_MoveF_MoveF_MoveF_MoveF_MoveF_MoveF_MoveF, canWorld
16x16, 0, 3735929054, gbfs, 0.09, 41, 40, None, MoveF_MoveF_MoveF_MoveF_MoveF_MoveF_MoveF_MoveF_MoveF_MoveF_MoveF_MoveF_MoveF_MoveF_MoveF_MoveF_MoveF_MoveF_MoveF_MoveF_MoveF_MoveF_MoveF_TurnCCW_MoveF_MoveF_MoveF_MoveF_MoveF_MoveF_MoveF_MoveF_MoveF_MoveF_MoveF_MoveF_MoveF_MoveF_MoveF_MoveF, canWorld
16x16, 0, 3735929054, astar, 3.92, 1906, 40, None, MoveF_MoveF_MoveF_MoveF_MoveF_MoveF_MoveF_MoveF_MoveF_MoveF_MoveF_MoveF_MoveF_MoveF_MoveF_MoveF_MoveF_MoveF_MoveF_MoveF_MoveF_MoveF_MoveF_TurnCCW_MoveF_MoveF_MoveF_MoveF_MoveF_MoveF_MoveF_MoveF_MoveF_MoveF_MoveF_MoveF_MoveF_MoveF_MoveF_MoveF, canWorld
16x16, 0, 3735929054, custom-astar, 2.50, 1214, 40, None, MoveF_MoveF_MoveF_MoveF_MoveF_MoveF_MoveF_MoveF_MoveF_MoveF_MoveF_MoveF_MoveF_MoveF_MoveF_MoveF_MoveF_MoveF_MoveF_MoveF_MoveF_MoveF_MoveF_TurnCCW_MoveF_MoveF_MoveF_MoveF_MoveF_MoveF_MoveF_MoveF_MoveF_MoveF_MoveF_MoveF_MoveF_MoveF_MoveF_MoveF, canWorld
16x16, 0, 195936467, bfs, 4.14, 1985, 32, None, MoveF_MoveF_MoveF_MoveF_MoveF_MoveF_MoveF_MoveF_MoveF_MoveF_MoveF_MoveF_MoveF_MoveF_MoveF_MoveF_MoveF_MoveF_MoveF_MoveF_MoveF_MoveF_MoveF_MoveF_MoveF_MoveF_MoveF_MoveF_MoveF_MoveF_TurnCCW_MoveF, canWorld
16x16, 0, 195936467, ucs, 3.79, 1840, 32, None, MoveF_MoveF_MoveF_MoveF_MoveF_MoveF_MoveF_MoveF_MoveF_MoveF_MoveF_MoveF_MoveF_MoveF_MoveF_MoveF_MoveF_MoveF_MoveF_MoveF_MoveF_MoveF_MoveF_MoveF_MoveF_MoveF_MoveF_MoveF_MoveF_MoveF_TurnCCW_MoveF, canWorld
16x16, 0, 195936467, gbfs, 0.07, 33, 32, None, MoveF_MoveF_MoveF_MoveF_MoveF_MoveF_MoveF_MoveF_MoveF_MoveF_MoveF_MoveF_MoveF_MoveF_MoveF_MoveF_MoveF_MoveF_MoveF_MoveF_MoveF_MoveF_MoveF_MoveF_MoveF_MoveF_MoveF_MoveF_MoveF_MoveF_TurnCCW_MoveF, canWorld
16x16, 0, 195936467, astar, 1.37, 667, 32, None, MoveF_MoveF_MoveF_MoveF_MoveF_MoveF_MoveF_MoveF_MoveF_MoveF_MoveF_MoveF_MoveF_MoveF_MoveF_MoveF_MoveF_MoveF_MoveF_MoveF_MoveF_MoveF_MoveF_MoveF_MoveF_MoveF_MoveF_MoveF_MoveF_MoveF_TurnCCW_MoveF, canWorld
16x16, 0, 195936467, custom-astar, 0.26, 124, 32, None, MoveF_MoveF_MoveF_MoveF_MoveF_MoveF_MoveF_MoveF_MoveF_MoveF_MoveF_MoveF_MoveF_MoveF_MoveF_MoveF_MoveF_MoveF_MoveF_MoveF_MoveF_MoveF_MoveF_MoveF_MoveF_MoveF_MoveF_MoveF_MoveF_MoveF_TurnCCW_MoveF, canWorld
16x16, 0, 20493, bfs, 4.27, 2057, 33, None, MoveF_MoveF_MoveF_TurnCCW_MoveF_MoveF_MoveF_MoveF_MoveF_MoveF_MoveF_MoveF_MoveF_MoveF_MoveF_MoveF_MoveF_MoveF_MoveF_MoveF_MoveF_MoveF_MoveF_MoveF_MoveF_MoveF_MoveF_MoveF_MoveF_MoveF_MoveF_MoveF_MoveF, canWorld
16x16, 0, 20493, ucs, 4.10, 1991, 33, None, MoveF_MoveF_MoveF_TurnCCW_MoveF_MoveF_MoveF_MoveF_MoveF_MoveF_MoveF_MoveF_MoveF_MoveF_MoveF_MoveF_MoveF_MoveF_MoveF_MoveF_MoveF_MoveF_MoveF_MoveF_MoveF_MoveF_MoveF_MoveF_MoveF_MoveF_MoveF_MoveF_MoveF, canWorld
16x16, 0, 20493, gbfs, 0.07, 34, 33, None, MoveF_MoveF_MoveF_TurnCCW_MoveF_MoveF_MoveF_MoveF_MoveF_MoveF_MoveF_MoveF_MoveF_MoveF_MoveF_MoveF_MoveF_MoveF_MoveF_MoveF_MoveF_MoveF_MoveF_MoveF_MoveF_MoveF_MoveF_MoveF_MoveF_MoveF_MoveF_MoveF_MoveF, canWorld
16x16, 0, 20493, astar, 1.73, 844, 33, None, MoveF_MoveF_MoveF_TurnCCW_MoveF_MoveF_MoveF_MoveF_MoveF_MoveF_MoveF_MoveF_MoveF_MoveF_MoveF_MoveF_MoveF_MoveF_MoveF_MoveF_MoveF_MoveF_MoveF_MoveF_MoveF_MoveF_MoveF_MoveF_MoveF_MoveF_MoveF_MoveF_MoveF, canWorld
16x16, 0, 20493, custom-astar, 0.37, 179, 33, None, MoveF_MoveF_MoveF_TurnCCW_MoveF_MoveF_MoveF_MoveF_MoveF_MoveF_MoveF_MoveF_MoveF_MoveF_MoveF_MoveF_MoveF_MoveF_MoveF_MoveF_MoveF_MoveF_MoveF_MoveF_MoveF_MoveF_MoveF_MoveF_MoveF_MoveF_MoveF_MoveF_MoveF, canWorld
16x16, 54, 3735929054, bfs, 6.93, 3334, 42, None, MoveF_MoveF_MoveF_MoveF_MoveF_MoveF_MoveF_MoveF_MoveF_MoveF_MoveF_MoveF_MoveF_MoveF_MoveF_MoveF_MoveF_MoveF_MoveF_MoveF_MoveF_MoveF_MoveF_MoveF_MoveF_MoveF_MoveF_TurnCCW_MoveF_MoveF_MoveF_MoveF_MoveF_MoveF_MoveF_MoveF_MoveF_MoveF_MoveF_MoveF_MoveF_MoveF, canWorld
16x16, 54, 3735929054, ucs, 6.50, 3154, 42, None, MoveF_MoveF_MoveF_MoveF_MoveF_MoveF_MoveF_MoveF_MoveF_MoveF_MoveF_MoveF_MoveF_MoveF_MoveF_MoveF_MoveF_MoveF_MoveF_MoveF_MoveF_MoveF_MoveF_MoveF_MoveF_MoveF_MoveF_TurnCCW_MoveF_MoveF_MoveF_MoveF_MoveF_MoveF_MoveF_MoveF_MoveF_MoveF_MoveF_MoveF_MoveF_MoveF, canWorld
16x16, 54, 3735929054, gbfs, 0.09, 43, 42, None, MoveF_MoveF_MoveF_MoveF_MoveF_MoveF_MoveF_MoveF_MoveF_MoveF_MoveF_MoveF_MoveF_MoveF_MoveF_MoveF_MoveF_MoveF_MoveF_MoveF_MoveF_MoveF_MoveF_MoveF_MoveF_MoveF_MoveF_TurnCCW_MoveF_MoveF_MoveF_MoveF_MoveF_MoveF_MoveF_MoveF_MoveF_MoveF_MoveF_MoveF_MoveF_MoveF, canWorld
16x16, 54, 3735929054, astar, 4.01, 1947, 42, None, MoveF_MoveF_MoveF_MoveF_MoveF_MoveF_MoveF_MoveF_MoveF_MoveF_MoveF_MoveF_MoveF_MoveF_MoveF_MoveF_MoveF_MoveF_MoveF_MoveF_MoveF_MoveF_MoveF_MoveF_MoveF_MoveF_MoveF_TurnCCW_MoveF_MoveF_MoveF_MoveF_MoveF_MoveF_MoveF_MoveF_MoveF_MoveF_MoveF_MoveF_MoveF_MoveF, canWorld
16x16, 54, 3735929054, custom-astar, 2.35, 1137, 42, None, MoveF_MoveF_MoveF_MoveF_MoveF_MoveF_MoveF_MoveF_MoveF_MoveF_MoveF_MoveF_MoveF_MoveF_MoveF_MoveF_MoveF_MoveF_MoveF_MoveF_MoveF_MoveF_MoveF_MoveF_MoveF_MoveF_MoveF_TurnCCW_MoveF_MoveF_MoveF_MoveF_MoveF_MoveF_MoveF_MoveF_MoveF_MoveF_MoveF_MoveF_MoveF_MoveF, canWorld
16x16, 54, 195936467, bfs, 2.74, 1304, 27, None, TurnCCW_MoveF_MoveF_MoveF_MoveF_MoveF_MoveF_MoveF_MoveF_MoveF_MoveF_MoveF_MoveF_MoveF_MoveF_MoveF_TurnCW_MoveF_MoveF_MoveF_MoveF_MoveF_MoveF_MoveF_MoveF_MoveF_MoveF, canWorld
16x16, 54, 195936467, ucs, 2.77, 1338, 27, None, MoveF_MoveF_MoveF_MoveF_MoveF_MoveF_MoveF_MoveF_MoveF_TurnCCW_MoveF_MoveF_MoveF_MoveF_MoveF_MoveF_MoveF_MoveF_MoveF_MoveF_MoveF_MoveF_MoveF_MoveF_MoveF_TurnCW_MoveF, canWorld
16x16, 54, 195936467, gbfs, 0.09, 40, 31, None, MoveF_MoveF_MoveF_MoveF_MoveF_MoveF_MoveF_MoveF_MoveF_MoveF_TurnCCW_MoveF_MoveF_MoveF_MoveF_MoveF_MoveF_MoveF_MoveF_MoveF_MoveF_MoveF_MoveF_TurnCW_MoveF_TurnCCW_MoveF_MoveF_MoveF_TurnCCW_MoveF, canWorld
16x16, 54, 195936467, astar, 1.83, 885, 27, None, MoveF_MoveF_MoveF_MoveF_MoveF_MoveF_MoveF_MoveF_MoveF_TurnCCW_MoveF_MoveF_MoveF_MoveF_MoveF_MoveF_MoveF_MoveF_MoveF_MoveF_MoveF_MoveF_MoveF_MoveF_MoveF_TurnCW_MoveF, canWorld
16x16, 54, 195936467, custom-astar, 1.33, 637, 27, None, MoveF_MoveF_MoveF_MoveF_MoveF_MoveF_MoveF_MoveF_MoveF_TurnCCW_MoveF_MoveF_MoveF_MoveF_MoveF_MoveF_MoveF_MoveF_MoveF_MoveF_MoveF_MoveF_MoveF_MoveF_MoveF_TurnCW_MoveF, canWorld
16x16, 54, 20493, bfs, 2.20, 1048, 24, None, MoveF_MoveF_MoveF_MoveF_MoveF_MoveF_MoveF_MoveF_MoveF_MoveF_MoveF_MoveF_MoveF_MoveF_MoveF_MoveF_MoveF_TurnCCW_MoveF_MoveF_MoveF_MoveF_MoveF_MoveF, canWorld
16x16, 54, 20493, ucs, 1.91, 926, 24, None, MoveF_MoveF_MoveF_MoveF_MoveF_MoveF_MoveF_MoveF_MoveF_MoveF_MoveF_MoveF_MoveF_MoveF_MoveF_MoveF_MoveF_TurnCCW_MoveF_MoveF_MoveF_MoveF_MoveF_MoveF, canWorld
16x16, 54, 20493, gbfs, 0.05, 25, 24, None, MoveF_MoveF_MoveF_MoveF_MoveF_MoveF_MoveF_MoveF_MoveF_MoveF_MoveF_MoveF_MoveF_MoveF_MoveF_MoveF_MoveF_TurnCCW_MoveF_MoveF_MoveF_MoveF_MoveF_MoveF, canWorld
16x16, 54, 20493, astar, 1.10, 534, 24, None, MoveF_MoveF_MoveF_MoveF_MoveF_MoveF_MoveF_MoveF_MoveF_MoveF_MoveF_MoveF_MoveF_MoveF_MoveF_MoveF_MoveF_TurnCCW_MoveF_MoveF_MoveF_MoveF_MoveF_MoveF, canWorld
16x16, 54, 20493, custom-astar, 0.53, 256, 24, None, MoveF_MoveF_MoveF_MoveF_MoveF_MoveF_MoveF_MoveF_MoveF_MoveF_MoveF_MoveF_MoveF_MoveF_MoveF_MoveF_MoveF_TurnCCW_MoveF_MoveF_MoveF_MoveF_MoveF_MoveF, canWorld
3x6, 0, 3735929054, bfs, 1.00, 472, 25, None, MoveF_TurnCCW_MoveF_MoveF_TurnCW_MoveF_MoveF_TurnCCW_MoveF_MoveF_MoveF_MoveF_MoveF_MoveF_MoveF_MoveF_MoveF_MoveF_TurnCCW_MoveF_MoveF_TurnCW_MoveF_MoveF_MoveF, cafeWorld
3x6, 0, 3735929054, ucs, 1.02, 492, 25, None, MoveF_TurnCCW_MoveF_MoveF_MoveF_MoveF_MoveF_MoveF_MoveF_MoveF_MoveF_TurnCW_MoveF_MoveF_TurnCCW_MoveF_MoveF_MoveF_TurnCCW_MoveF_MoveF_TurnCW_MoveF_MoveF_MoveF, cafeWorld
3x6, 0, 3735929054, gbfs, 0.09, 43, 27, None, MoveF_TurnCCW_MoveF_MoveF_MoveF_MoveF_MoveF_MoveF_MoveF_MoveF_MoveF_TurnCW_MoveF_TurnCCW_MoveF_TurnCW_MoveF_TurnCCW_MoveF_MoveF_TurnCCW_MoveF_MoveF_TurnCW_MoveF_MoveF_MoveF, cafeWorld
3x6, 0, 3735929054, astar, 0.88, 425, 25, None, MoveF_TurnCCW_MoveF_MoveF_MoveF_MoveF_MoveF_MoveF_MoveF_MoveF_MoveF_TurnCW_MoveF_MoveF_TurnCCW_MoveF_MoveF_MoveF_TurnCCW_MoveF_MoveF_TurnCW_MoveF_MoveF_MoveF, cafeWorld
3x6, 0, 3735929054, custom-astar, 0.73, 350, 25, None, MoveF_TurnCCW_MoveF_MoveF_MoveF_MoveF_MoveF_MoveF_MoveF_MoveF_MoveF_TurnCW_MoveF_MoveF_TurnCCW_MoveF_MoveF_MoveF_TurnCCW_MoveF_MoveF_TurnCW_MoveF_MoveF_MoveF, cafeWorld
3x6, 0, 195936467, bfs, 0.96, 443, 24, None, MoveF_TurnCCW_MoveF_MoveF_TurnCW_MoveF_MoveF_TurnCCW_MoveF_MoveF_MoveF_MoveF_MoveF_MoveF_MoveF_MoveF_MoveF_MoveF_TurnCCW_MoveF_TurnCW_MoveF_MoveF_MoveF, cafeWorld
3x6, 0, 195936467, ucs, 0.98, 471, 24, None, MoveF_TurnCCW_MoveF_MoveF_MoveF_MoveF_MoveF_MoveF_MoveF_MoveF_MoveF_TurnCW_MoveF_MoveF_TurnCCW_MoveF_MoveF_MoveF_TurnCCW_MoveF_TurnCW_MoveF_MoveF_MoveF, cafeWorld
3x6, 0, 195936467, gbfs, 0.08, 38, 26, None, MoveF_TurnCCW_MoveF_MoveF_MoveF_MoveF_MoveF_MoveF_MoveF_MoveF_MoveF_TurnCW_MoveF_TurnCCW_MoveF_TurnCW_MoveF_TurnCCW_MoveF_MoveF_TurnCCW_MoveF_TurnCW_MoveF_MoveF_MoveF, cafeWorld
3x6, 0, 195936467, astar, 0.84, 408, 24, None, MoveF_TurnCCW_MoveF_MoveF_MoveF_MoveF_MoveF_MoveF_MoveF_MoveF_MoveF_TurnCW_MoveF_MoveF_TurnCCW_MoveF_MoveF_MoveF_TurnCCW_MoveF_TurnCW_MoveF_MoveF_MoveF, cafeWorld
3x6, 0, 195936467, custom-astar, 0.68, 326, 24, None, MoveF_TurnCCW_MoveF_MoveF_MoveF_MoveF_MoveF_MoveF_MoveF_MoveF_MoveF_TurnCW_MoveF_MoveF_TurnCCW_MoveF_MoveF_MoveF_TurnCCW_MoveF_TurnCW_MoveF_MoveF_MoveF, cafeWorld
3x6, 0, 20493, bfs, 1.00, 472, 25, None, MoveF_TurnCCW_MoveF_MoveF_TurnCW_MoveF_MoveF_TurnCCW_MoveF_MoveF_MoveF_MoveF_MoveF_MoveF_MoveF_MoveF_MoveF_MoveF_TurnCCW_MoveF_MoveF_TurnCW_MoveF_MoveF_MoveF, cafeWorld
3x6, 0, 20493, ucs, 1.05, 492, 25, None, MoveF_TurnCCW_MoveF_MoveF_MoveF_MoveF_MoveF_MoveF_MoveF_MoveF_MoveF_TurnCW_MoveF_MoveF_TurnCCW_MoveF_MoveF_MoveF_TurnCCW_MoveF_MoveF_TurnCW_MoveF_MoveF_MoveF, cafeWorld
3x6, 0, 20493, gbfs, 0.09, 43, 27, None, MoveF_TurnCCW_MoveF_MoveF_MoveF_MoveF_MoveF_MoveF_MoveF_MoveF_MoveF_TurnCW_MoveF_TurnCCW_MoveF_TurnCW_MoveF_TurnCCW_MoveF_MoveF_TurnCCW_MoveF_MoveF_TurnCW_MoveF_MoveF_MoveF, cafeWorld
3x6, 0, 20493, astar, 0.88, 425, 25, None, MoveF_TurnCCW_MoveF_MoveF_MoveF_MoveF_MoveF_MoveF_MoveF_MoveF_MoveF_TurnCW_MoveF_MoveF_TurnCCW_MoveF_MoveF_MoveF_TurnCCW_MoveF_MoveF_TurnCW_MoveF_MoveF_MoveF, cafeWorld
3x6, 0, 20493, custom-astar, 0.72, 350, 25, None, MoveF_TurnCCW_MoveF_MoveF_MoveF_MoveF_MoveF_MoveF_MoveF_MoveF_MoveF_TurnCW_MoveF_MoveF_TurnCCW_MoveF_MoveF_MoveF_TurnCCW_MoveF_MoveF_TurnCW_MoveF_MoveF_MoveF, cafeWorld
3x6, 1, 3735929054, bfs, 0.97, 452, 25, None, MoveF_TurnCCW_MoveF_MoveF_MoveF_MoveF_TurnCW_MoveF_MoveF_TurnCCW_MoveF_MoveF_MoveF_MoveF_MoveF_MoveF_MoveF_MoveF_TurnCCW_MoveF_MoveF_TurnCW_MoveF_MoveF_MoveF, cafeWorld
3x6, 1, 3735929054, ucs, 0.98, 472, 25, None, MoveF_TurnCCW_MoveF_MoveF_MoveF_MoveF_MoveF_MoveF_MoveF_MoveF_MoveF_TurnCW_MoveF_MoveF_TurnCCW_MoveF_MoveF_MoveF_TurnCCW_MoveF_MoveF_TurnCW_MoveF_MoveF_MoveF, cafeWorld
3x6, 1, 3735929054, gbfs, 0.09, 43, 27, None, MoveF_TurnCCW_MoveF_MoveF_MoveF_MoveF_MoveF_MoveF_MoveF_MoveF_MoveF_TurnCW_MoveF_TurnCCW_MoveF_TurnCW_MoveF_TurnCCW_MoveF_MoveF_TurnCCW_MoveF_MoveF_TurnCW_MoveF_MoveF_MoveF, cafeWorld
3x6, 1, 3735929054, astar, 0.83, 399, 25, None, MoveF_TurnCCW_MoveF_MoveF_MoveF_MoveF_MoveF_MoveF_MoveF_MoveF_MoveF_TurnCW_MoveF_MoveF_TurnCCW_MoveF_MoveF_MoveF_TurnCCW_MoveF_MoveF_TurnCW_MoveF_MoveF_MoveF, cafeWorld
3x6, 1, 3735929054, custom-astar, 0.63, 303, 25, None, MoveF_TurnCCW_MoveF_MoveF_MoveF_MoveF_MoveF_MoveF_MoveF_MoveF_MoveF_TurnCW_MoveF_MoveF_TurnCCW_MoveF_MoveF_MoveF_TurnCCW_MoveF_MoveF_TurnCW_MoveF_MoveF_MoveF, cafeWorld
3x6, 1, 195936467, bfs, 0.97, 452, 25, None, MoveF_TurnCCW_MoveF_MoveF_MoveF_MoveF_TurnCW_MoveF_MoveF_TurnCCW_MoveF_MoveF_MoveF_MoveF_MoveF_MoveF_MoveF_MoveF_TurnCCW_MoveF_MoveF_TurnCW_MoveF_MoveF_MoveF, cafeWorld
3x6, 1, 195936467, ucs, 0.98, 472, 25, None, MoveF_TurnCCW_MoveF_MoveF_MoveF_MoveF_MoveF_MoveF_MoveF_MoveF_MoveF_TurnCW_MoveF_MoveF_TurnCCW_MoveF_MoveF_MoveF_TurnCCW_MoveF_MoveF_TurnCW_MoveF_MoveF_MoveF, cafeWorld
3x6, 1, 195936467, gbfs, 0.09, 43, 27, None, MoveF_TurnCCW_MoveF_MoveF_MoveF_MoveF_MoveF_MoveF_MoveF_MoveF_MoveF_TurnCW_MoveF_TurnCCW_MoveF_TurnCW_MoveF_TurnCCW_MoveF_MoveF_TurnCCW_MoveF_MoveF_TurnCW_MoveF_MoveF_MoveF, cafeWorld
3x6, 1, 195936467, astar, 0.83, 399, 25, None, MoveF_TurnCCW_MoveF_MoveF_MoveF_MoveF_MoveF_MoveF_MoveF_MoveF_MoveF_TurnCW_MoveF_MoveF_TurnCCW_MoveF_MoveF_MoveF_TurnCCW_MoveF_MoveF_TurnCW_MoveF_MoveF_MoveF, cafeWorld
3x6, 1, 195936467, custom-astar, 0.63, 303, 25, None, MoveF_TurnCCW_MoveF_MoveF_MoveF_MoveF_MoveF_MoveF_MoveF_MoveF_MoveF_TurnCW_MoveF_MoveF_TurnCCW_MoveF_MoveF_MoveF_TurnCCW_MoveF_MoveF_TurnCW_MoveF_MoveF_MoveF, cafeWorld
3x6, 1, 20493, bfs, 1.04, 481, 27, None, MoveF_TurnCCW_MoveF_MoveF_TurnCW_MoveF_MoveF_MoveF_TurnCCW_MoveF_MoveF_MoveF_MoveF_MoveF_MoveF_MoveF_MoveF_MoveF_MoveF_TurnCCW_MoveF_MoveF_MoveF_TurnCW_MoveF_MoveF_MoveF, cafeWorld
3x6, 1, 20493, ucs, 1.04, 500, 27, None, MoveF_TurnCCW_MoveF_MoveF_MoveF_MoveF_MoveF_MoveF_MoveF_TurnCW_MoveF_MoveF_MoveF_TurnCCW_MoveF_MoveF_MoveF_MoveF_MoveF_TurnCCW_MoveF_MoveF_MoveF_TurnCW_MoveF_MoveF_MoveF, cafeWorld
3x6, 1, 20493, gbfs, 0.19, 89, 27, None, MoveF_TurnCCW_MoveF_MoveF_MoveF_MoveF_MoveF_MoveF_MoveF_TurnCW_MoveF_MoveF_MoveF_TurnCCW_MoveF_MoveF_MoveF_MoveF_MoveF_TurnCCW_MoveF_MoveF_MoveF_TurnCW_MoveF_MoveF_MoveF, cafeWorld
3x6, 1, 20493, astar, 0.92, 444, 27, None, MoveF_TurnCCW_MoveF_MoveF_MoveF_MoveF_MoveF_MoveF_MoveF_TurnCW_MoveF_MoveF_MoveF_TurnCCW_MoveF_MoveF_MoveF_MoveF_MoveF_TurnCCW_MoveF_MoveF_MoveF_TurnCW_MoveF_MoveF_MoveF, cafeWorld
3x6, 1, 20493, custom-astar, 0.81, 387, 27, None, MoveF_TurnCCW_MoveF_MoveF_MoveF_MoveF_MoveF_MoveF_MoveF_TurnCW_MoveF_MoveF_MoveF_TurnCCW_MoveF_MoveF_MoveF_MoveF_MoveF_TurnCCW_MoveF_MoveF_MoveF_TurnCW_MoveF_MoveF_MoveF, cafeWorld
3x6, 2, 3735929054, bfs, 0.88, 407, 24, None, MoveF_TurnCCW_MoveF_MoveF_MoveF_MoveF_TurnCW_MoveF_MoveF_TurnCCW_MoveF_MoveF_MoveF_MoveF_MoveF_MoveF_MoveF_MoveF_TurnCCW_MoveF_TurnCW_MoveF_MoveF_MoveF, cafeWorld
3x6, 2, 3735929054, ucs, 0.90, 435, 24, None, MoveF_TurnCCW_MoveF_MoveF_MoveF_MoveF_MoveF_MoveF_MoveF_MoveF_MoveF_TurnCW_MoveF_MoveF_TurnCCW_MoveF_MoveF_MoveF_TurnCCW_MoveF_TurnCW_MoveF_MoveF_MoveF, cafeWorld
3x6, 2, 3735929054, gbfs, 0.08, 38, 26, None, MoveF_TurnCCW_MoveF_MoveF_MoveF_MoveF_MoveF_MoveF_MoveF_MoveF_MoveF_TurnCW_MoveF_TurnCCW_MoveF_TurnCW_MoveF_TurnCCW_MoveF_MoveF_TurnCCW_MoveF_TurnCW_MoveF_MoveF_MoveF, cafeWorld
3x6, 2, 3735929054, astar, 0.76, 366, 24, None, MoveF_TurnCCW_MoveF_MoveF_MoveF_MoveF_MoveF_MoveF_MoveF_MoveF_MoveF_TurnCW_MoveF_MoveF_TurnCCW_MoveF_MoveF_MoveF_TurnCCW_MoveF_TurnCW_MoveF_MoveF_MoveF, cafeWorld
3x6, 2, 3735929054, custom-astar, 0.56, 271, 24, None, MoveF_TurnCCW_MoveF_MoveF_MoveF_MoveF_MoveF_MoveF_MoveF_MoveF_MoveF_TurnCW_MoveF_MoveF_TurnCCW_MoveF_MoveF_MoveF_TurnCCW_MoveF_TurnCW_MoveF_MoveF_MoveF, cafeWorld
3x6, 2, 195936467, bfs, 0.87, 403, 24, None, MoveF_TurnCCW_MoveF_MoveF_MoveF_MoveF_TurnCW_MoveF_MoveF_TurnCCW_MoveF_MoveF_MoveF_MoveF_MoveF_MoveF_MoveF_MoveF_TurnCCW_MoveF_TurnCW_MoveF_MoveF_MoveF, cafeWorld
3x6, 2, 195936467, ucs, 0.88, 421, 24, None, MoveF_TurnCCW_MoveF_MoveF_MoveF_MoveF_MoveF_MoveF_MoveF_MoveF_MoveF_TurnCW_MoveF_MoveF_TurnCCW_MoveF_MoveF_MoveF_TurnCCW_MoveF_TurnCW_MoveF_MoveF_MoveF, cafeWorld
3x6, 2, 195936467, gbfs, 0.08, 38, 26, None, MoveF_TurnCCW_MoveF_MoveF_MoveF_MoveF_MoveF_MoveF_MoveF_MoveF_MoveF_TurnCW_MoveF_TurnCCW_MoveF_TurnCW_MoveF_TurnCCW_MoveF_MoveF_TurnCCW_MoveF_TurnCW_MoveF_MoveF_MoveF, cafeWorld
3x6, 2, 195936467, astar, 0.74, 357, 24, None, MoveF_TurnCCW_MoveF_MoveF_MoveF_MoveF_MoveF_MoveF_MoveF_MoveF_MoveF_TurnCW_MoveF_MoveF_TurnCCW_MoveF_MoveF_MoveF_TurnCCW_MoveF_TurnCW_MoveF_MoveF_MoveF, cafeWorld
3x6, 2, 195936467, custom-astar, 0.56, 268, 24, None, MoveF_TurnCCW_MoveF_MoveF_MoveF_MoveF_MoveF_MoveF_MoveF_MoveF_MoveF_TurnCW_MoveF_MoveF_TurnCCW_MoveF_MoveF_MoveF_TurnCCW_MoveF_TurnCW_MoveF_MoveF_MoveF, cafeWorld
3x6, 2, 20493, bfs, 1.02, 460, 27, None, MoveF_TurnCCW_MoveF_MoveF_TurnCW_MoveF_MoveF_MoveF_TurnCCW_MoveF_MoveF_MoveF_MoveF_MoveF_MoveF_MoveF_MoveF_MoveF_MoveF_TurnCCW_MoveF_MoveF_MoveF_TurnCW_MoveF_MoveF_MoveF, cafeWorld
3x6, 2, 20493, ucs, 1.21, 465, 27, None, MoveF_TurnCCW_MoveF_MoveF_MoveF_MoveF_MoveF_MoveF_MoveF_TurnCW_MoveF_MoveF_MoveF_TurnCCW_MoveF_MoveF_MoveF_MoveF_MoveF_TurnCCW_MoveF_MoveF_MoveF_TurnCW_MoveF_MoveF_MoveF, cafeWorld
3x6, 2, 20493, gbfs, 0.19, 89, 27, None, MoveF_TurnCCW_MoveF_MoveF_MoveF_MoveF_MoveF_MoveF_MoveF_TurnCW_MoveF_MoveF_MoveF_TurnCCW_MoveF_MoveF_MoveF_MoveF_MoveF_TurnCCW_MoveF_MoveF_MoveF_TurnCW_MoveF_MoveF_MoveF, cafeWorld
3x6, 2, 20493, astar, 0.84, 405, 27, None, MoveF_TurnCCW_MoveF_MoveF_MoveF_MoveF_MoveF_MoveF_MoveF_TurnCW_MoveF_MoveF_MoveF_TurnCCW_MoveF_MoveF_MoveF_MoveF_MoveF_TurnCCW_MoveF_MoveF_MoveF_TurnCW_MoveF_MoveF_MoveF, cafeWorld
3x6, 2, 20493, custom-astar, 0.74, 353, 27, None, MoveF_TurnCCW_MoveF_MoveF_MoveF_MoveF_MoveF_MoveF_MoveF_TurnCW_MoveF_MoveF_MoveF_TurnCCW_MoveF_MoveF_MoveF_MoveF_MoveF_TurnCCW_MoveF_MoveF_MoveF_TurnCW_MoveF_MoveF_MoveF, cafeWorld
3x6, 4, 3735929054, bfs, 0.92, 424, 27, None, MoveF_TurnCCW_MoveF_MoveF_MoveF_MoveF_TurnCW_MoveF_MoveF_MoveF_TurnCCW_MoveF_MoveF_MoveF_MoveF_MoveF_MoveF_MoveF_MoveF_TurnCCW_MoveF_MoveF_MoveF_TurnCW_MoveF_MoveF_MoveF, cafeWorld
3x6, 4, 3735929054, ucs, 0.89, 429, 27, None, MoveF_TurnCCW_MoveF_MoveF_MoveF_MoveF_MoveF_MoveF_MoveF_TurnCW_MoveF_MoveF_MoveF_TurnCCW_MoveF_MoveF_MoveF_MoveF_MoveF_TurnCCW_MoveF_MoveF_MoveF_TurnCW_MoveF_MoveF_MoveF, cafeWorld
3x6, 4, 3735929054, gbfs, 0.19, 89, 27, None, MoveF_TurnCCW_MoveF_MoveF_MoveF_MoveF_MoveF_MoveF_MoveF_TurnCW_MoveF_MoveF_MoveF_TurnCCW_MoveF_MoveF_MoveF_MoveF_MoveF_TurnCCW_MoveF_MoveF_MoveF_TurnCW_MoveF_MoveF_MoveF, cafeWorld
3x6, 4, 3735929054, astar, 0.77, 369, 27, None, MoveF_TurnCCW_MoveF_MoveF_MoveF_MoveF_MoveF_MoveF_MoveF_TurnCW_MoveF_MoveF_MoveF_TurnCCW_MoveF_MoveF_MoveF_MoveF_MoveF_TurnCCW_MoveF_MoveF_MoveF_TurnCW_MoveF_MoveF_MoveF, cafeWorld
3x6, 4, 3735929054, custom-astar, 0.64, 306, 27, None, MoveF_TurnCCW_MoveF_MoveF_MoveF_MoveF_MoveF_MoveF_MoveF_TurnCW_MoveF_MoveF_MoveF_TurnCCW_MoveF_MoveF_MoveF_MoveF_MoveF_TurnCCW_MoveF_MoveF_MoveF_TurnCW_MoveF_MoveF_MoveF, cafeWorld
3x6, 4, 195936467, bfs, 0.84, 382, 25, None, MoveF_TurnCCW_MoveF_MoveF_MoveF_MoveF_TurnCW_MoveF_MoveF_TurnCCW_MoveF_MoveF_MoveF_MoveF_MoveF_MoveF_MoveF_MoveF_TurnCCW_MoveF_MoveF_TurnCW_MoveF_MoveF_MoveF, cafeWorld
3x6, 4, 195936467, ucs, 0.78, 375, 25, None, MoveF_TurnCCW_MoveF_MoveF_MoveF_MoveF_MoveF_MoveF_MoveF_MoveF_MoveF_TurnCW_MoveF_MoveF_TurnCCW_MoveF_MoveF_MoveF_TurnCCW_MoveF_MoveF_TurnCW_MoveF_MoveF_MoveF, cafeWorld
3x6, 4, 195936467, gbfs, 0.09, 43, 27, None, MoveF_TurnCCW_MoveF_MoveF_MoveF_MoveF_MoveF_MoveF_MoveF_MoveF_MoveF_TurnCW_MoveF_TurnCCW_MoveF_TurnCW_MoveF_TurnCCW_MoveF_MoveF_TurnCCW_MoveF_MoveF_TurnCW_MoveF_MoveF_MoveF, cafeWorld
3x6, 4, 195936467, astar, 0.66, 316, 25, None, MoveF_TurnCCW_MoveF_MoveF_MoveF_MoveF_MoveF_MoveF_MoveF_MoveF_MoveF_TurnCW_MoveF_MoveF_TurnCCW_MoveF_MoveF_MoveF_TurnCCW_MoveF_MoveF_TurnCW_MoveF_MoveF_MoveF, cafeWorld
3x6, 4, 195936467, custom-astar, 0.51, 246, 25, None, MoveF_TurnCCW_MoveF_MoveF_MoveF_MoveF_MoveF_MoveF_MoveF_MoveF_MoveF_TurnCW_MoveF_MoveF_TurnCCW_MoveF_MoveF_MoveF_TurnCCW_MoveF_MoveF_TurnCW_MoveF_MoveF_MoveF, cafeWorld
3x6, 4, 20493, bfs, 0.94, 420, 27, None, MoveF_TurnCCW_MoveF_MoveF_MoveF_MoveF_TurnCW_MoveF_MoveF_MoveF_TurnCCW_MoveF_MoveF_MoveF_MoveF_MoveF_MoveF_MoveF_MoveF_TurnCCW_MoveF_MoveF_MoveF_TurnCW_MoveF_MoveF_MoveF, cafeWorld
3x6, 4, 20493, ucs, 0.90, 425, 27, None, MoveF_TurnCCW_MoveF_MoveF_MoveF_MoveF_MoveF_MoveF_MoveF_TurnCW_MoveF_MoveF_MoveF_TurnCCW_MoveF_MoveF_MoveF_MoveF_MoveF_TurnCCW_MoveF_MoveF_MoveF_TurnCW_MoveF_MoveF_MoveF, cafeWorld
3x6, 4, 20493, gbfs, 0.20, 89, 27, None, MoveF_TurnCCW_MoveF_MoveF_MoveF_MoveF_MoveF_MoveF_MoveF_TurnCW_MoveF_MoveF_MoveF_TurnCCW_MoveF_MoveF_MoveF_MoveF_MoveF_TurnCCW_MoveF_MoveF_MoveF_TurnCW_MoveF_MoveF_MoveF, cafeWorld
3x6, 4, 20493, astar, 0.78, 365, 27, None, MoveF_TurnCCW_MoveF_MoveF_MoveF_MoveF_MoveF_MoveF_MoveF_TurnCW_MoveF_MoveF_MoveF_TurnCCW_MoveF_MoveF_MoveF_MoveF_MoveF_TurnCCW_MoveF_MoveF_MoveF_TurnCW_MoveF_MoveF_MoveF, cafeWorld
3x6, 4, 20493, custom-astar, 0.65, 314, 27, None, MoveF_TurnCCW_MoveF_MoveF_MoveF_MoveF_MoveF_MoveF_MoveF_TurnCW_MoveF_MoveF_MoveF_TurnCCW_MoveF_MoveF_MoveF_MoveF_MoveF_TurnCCW_MoveF_MoveF_MoveF_TurnCW_MoveF_MoveF_MoveF, cafeWorld
